{
  "sheetsById": {
    "FlyPlaneSheet": {
      "staticOverrides": {
        "byObject": {
          "flying1": {
            "color": {
              "r": 1,
              "g": 0.13333333333333333,
              "b": 0.13333333333333333,
              "a": 1
            },
            "frequencyX": 9,
            "frequencyY": 8,
            "metalness": 1.2658227848101256,
            "colorA": {
              "r": 0.10980392156862745,
              "g": 1,
              "b": 0,
              "a": 1
            },
            "colorB": {
              "r": 0.2549019607843137,
              "g": 0.2549019607843137,
              "b": 1,
              "a": 1
            },
            "size": 1.1392405063291144
          }
        }
      }
    }
  },
  "definitionVersion": "0.4.0",
  "revisionHistory": ["kiUSoBejDoMnNTId", "srH2OXUp6QDJAb-Z"]
}
